{"nodes":[{"label":"Climate Action in Financial Institutions Initiative","x":113.01876831054688,"y":412.7080078125,"id":"9","attributes":{"node_type":"Investor/Industry Group","Eccentricity":"7.0","Closeness Centrality":"0.21739130434782608","Betweenness Centrality":"0.0","Harmonic Closeness Centrality":"0.2725396825396826","Timestamp":"\u003c[2015.0, 2016.0, 2017.0, 2018.0, 2019.0, 2020.0, 2021.0, 2022.0]\u003e","year_obsolete":"2023","year_established":"2015","timestamp":"\u003c[2015.0, 2016.0, 2017.0, 2018.0, 2019.0, 2020.0, 2021.0, 2022.0]\u003e"},"color":"rgb(224,60,49)","size":10.0},{"label":"Net Zero Investment Consultants Initiative","x":-73.39028930664062,"y":-306.6788635253906,"id":"28","attributes":{"node_type":"Climate Commitment","Eccentricity":"5.0","Closeness Centrality":"0.30303030303030304","Betweenness Centrality":"0.0","Harmonic Closeness Centrality":"0.35111111111111104","Timestamp":"\u003c[2021.0, 2022.0]\u003e","year_obsolete":"2023","year_established":"2021","timestamp":"\u003c[2021.0, 2022.0]\u003e"},"color":"rgb(45,200,77)","size":10.0},{"label":"Net Zero Asset Owner Alliance","x":70.29232788085938,"y":19.376258850097656,"id":"16","attributes":{"node_type":"Climate Commitment","Eccentricity":"4.0","Closeness Centrality":"0.410958904109589","Betweenness Centrality":"171.9404761904762","Harmonic Closeness Centrality":"0.4638888888888889","Timestamp":"\u003c[2019.0, 2020.0, 2021.0, 2022.0]\u003e","year_obsolete":"2023","year_established":"2019","timestamp":"\u003c[2019.0, 2020.0, 2021.0, 2022.0]\u003e"},"color":"rgb(45,200,77)","size":35.226478576660156},{"label":"UN Climate Change Conference - COP21","x":19.12212562561035,"y":431.512939453125,"id":"34","attributes":{"node_type":"Milestone","Eccentricity":"6.0","Closeness Centrality":"0.27522935779816515","Betweenness Centrality":"135.0","Harmonic Closeness Centrality":"0.3961111111111111","Timestamp":"\u003c[2015.0, 2016.0, 2017.0, 2018.0, 2019.0, 2020.0, 2021.0, 2022.0]\u003e","year_obsolete":"2023","year_established":"2015","timestamp":"\u003c[2015.0, 2016.0, 2017.0, 2018.0, 2019.0, 2020.0, 2021.0, 2022.0]\u003e"},"color":"rgb(117,59,189)","size":29.806705474853516},{"label":"Green Climate Fund Private Sector Facility","x":-492.48651123046875,"y":172.94117736816406,"id":"39","attributes":{"Eccentricity":"1.0","Closeness Centrality":"1.0","Betweenness Centrality":"0.0","Harmonic Closeness Centrality":"1.0","Timestamp":"\u003c[2010.0, 2011.0, 2012.0, 2013.0, 2014.0, 2015.0, 2016.0, 2017.0, 2018.0, 2019.0, 2020.0, 2021.0, 2022.0]\u003e","year_obsolete":"2023","year_established":"2010","timestamp":"\u003c[2010.0, 2011.0, 2012.0, 2013.0, 2014.0, 2015.0, 2016.0, 2017.0, 2018.0, 2019.0, 2020.0, 2021.0, 2022.0]\u003e"},"color":"rgb(237,248,251)","size":10.0},{"label":"Net Zero Insurance Alliance","x":-81.46440124511719,"y":-164.48570251464844,"id":"26","attributes":{"node_type":"Climate Commitment","Eccentricity":"5.0","Closeness Centrality":"0.3157894736842105","Betweenness Centrality":"13.916666666666664","Harmonic Closeness Centrality":"0.38166666666666665","Timestamp":"\u003c[2021.0, 2022.0]\u003e","year_obsolete":"2023","year_established":"2021","timestamp":"\u003c[2021.0, 2022.0]\u003e"},"color":"rgb(45,200,77)","size":12.041802406311035},{"label":"Portfolio Decarbonization Coalition","x":-547.3494873046875,"y":-49.07984924316406,"id":"5","attributes":{"node_type":"Dormant Project","Eccentricity":"1.0","Closeness Centrality":"1.0","Betweenness Centrality":"0.0","Harmonic Closeness Centrality":"1.0","Timestamp":"\u003c[2014.0, 2015.0, 2016.0, 2017.0, 2018.0, 2019.0, 2020.0, 2021.0, 2022.0]\u003e","year_obsolete":"2023","year_established":"2014","timestamp":"\u003c[2014.0, 2015.0, 2016.0, 2017.0, 2018.0, 2019.0, 2020.0, 2021.0, 2022.0]\u003e"},"color":"rgb(228,235,231)","size":10.0},{"label":"Montreal Carbon Pledge","x":-543.3098754882812,"y":-6.007800579071045,"id":"6","attributes":{"node_type":"Climate Commitment","Eccentricity":"1.0","Closeness Centrality":"1.0","Betweenness Centrality":"0.0","Harmonic Closeness Centrality":"1.0","Timestamp":"\u003c[2014.0, 2015.0, 2016.0, 2017.0, 2018.0, 2019.0, 2020.0, 2021.0, 2022.0]\u003e","year_obsolete":"2023","year_established":"2014","timestamp":"\u003c[2014.0, 2015.0, 2016.0, 2017.0, 2018.0, 2019.0, 2020.0, 2021.0, 2022.0]\u003e"},"color":"rgb(45,200,77)","size":10.0},{"label":"Collective Commitment to Climate Action","x":-264.7191467285156,"y":-195.3882598876953,"id":"19","attributes":{"node_type":"Climate Commitment","Eccentricity":"6.0","Closeness Centrality":"0.2631578947368421","Betweenness Centrality":"0.0","Harmonic Closeness Centrality":"0.32277777777777766","Timestamp":"\u003c[2019.0, 2020.0, 2021.0, 2022.0]\u003e","year_obsolete":"2023","year_established":"2019","timestamp":"\u003c[2019.0, 2020.0, 2021.0, 2022.0]\u003e"},"color":"rgb(45,200,77)","size":10.0},{"label":"UN Principles for Responsible Banking","x":-207.44598388671875,"y":-140.818359375,"id":"17","attributes":{"node_type":"Central Commitment","Eccentricity":"6.0","Closeness Centrality":"0.2803738317757009","Betweenness Centrality":"10.845238095238095","Harmonic Closeness Centrality":"0.36055555555555546","Timestamp":"\u003c[2019.0, 2020.0, 2021.0, 2022.0]\u003e","year_obsolete":"2023","year_established":"2019","timestamp":"\u003c[2019.0, 2020.0, 2021.0, 2022.0]\u003e"},"color":"rgb(20,123,209)","size":11.59117317199707},{"label":"Science Based Targets initiative","x":78.46744537353516,"y":496.58447265625,"id":"10","attributes":{"Eccentricity":"7.0","Closeness Centrality":"0.21739130434782608","Betweenness Centrality":"0.0","Harmonic Closeness Centrality":"0.2725396825396826","Timestamp":"\u003c[2015.0, 2016.0, 2017.0, 2018.0, 2019.0, 2020.0, 2021.0, 2022.0]\u003e","year_obsolete":"2023","year_established":"2015","timestamp":"\u003c[2015.0, 2016.0, 2017.0, 2018.0, 2019.0, 2020.0, 2021.0, 2022.0]\u003e"},"color":"rgb(237,248,251)","size":10.0},{"label":"Glasgow Financial Alliance for Net Zero (GFANZ)","x":3.7604405879974365,"y":-249.73683166503906,"id":"24","attributes":{"node_type":"Central Commitment","Eccentricity":"4.0","Closeness Centrality":"0.42857142857142855","Betweenness Centrality":"204.47619047619045","Harmonic Closeness Centrality":"0.55","Timestamp":"\u003c[2021.0, 2022.0]\u003e","year_obsolete":"2023","year_established":"2021","timestamp":"\u003c[2021.0, 2022.0]\u003e"},"color":"rgb(20,123,209)","size":40.0},{"label":"Just Transition Initiative","x":215.29452514648438,"y":40.344940185546875,"id":"29","attributes":{"node_type":"Climate Commitment","Eccentricity":"5.0","Closeness Centrality":"0.2912621359223301","Betweenness Centrality":"0.0","Harmonic Closeness Centrality":"0.33444444444444443","Timestamp":"\u003c[2022.0]\u003e","year_obsolete":"2023","year_established":"2022","timestamp":"\u003c[2022.0]\u003e"},"color":"rgb(45,200,77)","size":10.0},{"label":"Partnership for Carbon Accounting Financials","x":44.2740592956543,"y":237.206298828125,"id":"8","attributes":{"node_type":"Central Commitment","Eccentricity":"5.0","Closeness Centrality":"0.3333333333333333","Betweenness Centrality":"144.0","Harmonic Closeness Centrality":"0.3872222222222222","Timestamp":"\u003c[2015.0, 2016.0, 2017.0, 2018.0, 2019.0, 2020.0, 2021.0, 2022.0]\u003e","year_obsolete":"2023","year_established":"2015","timestamp":"\u003c[2015.0, 2016.0, 2017.0, 2018.0, 2019.0, 2020.0, 2021.0, 2022.0]\u003e"},"color":"rgb(20,123,209)","size":31.127153396606445},{"label":"Taskforce on Climate-related Financial Disclosures","x":-5.054146766662598,"y":514.6947021484375,"id":"11","attributes":{"node_type":"Disclosure Framework","Eccentricity":"7.0","Closeness Centrality":"0.21739130434782608","Betweenness Centrality":"0.0","Harmonic Closeness Centrality":"0.2725396825396826","Timestamp":"\u003c[2015.0, 2016.0, 2017.0, 2018.0, 2019.0, 2020.0, 2021.0, 2022.0]\u003e","year_obsolete":"2023","year_established":"2015","timestamp":"\u003c[2015.0, 2016.0, 2017.0, 2018.0, 2019.0, 2020.0, 2021.0, 2022.0]\u003e"},"color":"rgb(247,234,72)","size":10.0},{"label":"Ceres","x":479.6071472167969,"y":-245.35244750976562,"id":"0","attributes":{"node_type":"Investor/Industry Group","Eccentricity":"6.0","Closeness Centrality":"0.30927835051546393","Betweenness Centrality":"33.50714285714285","Harmonic Closeness Centrality":"0.41500000000000004","Timestamp":"\u003c[1989.0, 1990.0, 1991.0, 1992.0, 1993.0, 1994.0, 1995.0, 1996.0, 1997.0, 1998.0, 1999.0, 2000.0, 2001.0, 2002.0, 2003.0, 2004.0, 2005.0, 2006.0, 2007.0, 2008.0, 2009.0, 2010.0, 2011.0, 2012.0, 2013.0, 2014.0, 2015.0, 2016.0, 2017.0, 2018.0, 2019.0, 2020.0, 2021.0, 2022.0]\u003e","year_obsolete":"2023","year_established":"1989","timestamp":"\u003c[1989.0, 1990.0, 1991.0, 1992.0, 1993.0, 1994.0, 1995.0, 1996.0, 1997.0, 1998.0, 1999.0, 2000.0, 2001.0, 2002.0, 2003.0, 2004.0, 2005.0, 2006.0, 2007.0, 2008.0, 2009.0, 2010.0, 2011.0, 2012.0, 2013.0, 2014.0, 2015.0, 2016.0, 2017.0, 2018.0, 2019.0, 2020.0, 2021.0, 2022.0]\u003e"},"color":"rgb(224,60,49)","size":14.916045188903809},{"label":"UN Principles for Responsible Investment","x":210.9609375,"y":-52.60023498535156,"id":"3","attributes":{"node_type":"Central Commitment","Eccentricity":"4.0","Closeness Centrality":"0.40540540540540543","Betweenness Centrality":"139.8047619047619","Harmonic Closeness Centrality":"0.5055555555555556","Timestamp":"\u003c[2006.0, 2007.0, 2008.0, 2009.0, 2010.0, 2011.0, 2012.0, 2013.0, 2014.0, 2015.0, 2016.0, 2017.0, 2018.0, 2019.0, 2020.0, 2021.0, 2022.0]\u003e","year_obsolete":"2023","year_established":"2006","timestamp":"\u003c[2006.0, 2007.0, 2008.0, 2009.0, 2010.0, 2011.0, 2012.0, 2013.0, 2014.0, 2015.0, 2016.0, 2017.0, 2018.0, 2019.0, 2020.0, 2021.0, 2022.0]\u003e"},"color":"rgb(20,123,209)","size":30.51164436340332},{"label":"UN Climate Change Conference - COP24","x":-363.9822692871094,"y":395.3504943847656,"id":"32","attributes":{"node_type":"Milestone","Eccentricity":"1.0","Closeness Centrality":"1.0","Betweenness Centrality":"0.0","Harmonic Closeness Centrality":"1.0","Timestamp":"\u003c[2018.0, 2019.0, 2020.0, 2021.0, 2022.0]\u003e","year_obsolete":"2023","year_established":"2018","timestamp":"\u003c[2018.0, 2019.0, 2020.0, 2021.0, 2022.0]\u003e"},"color":"rgb(117,59,189)","size":10.0},{"label":"UN Climate Change Conference - COP15","x":-482.5877990722656,"y":214.81369018554688,"id":"38","attributes":{"node_type":"Milestone","Eccentricity":"1.0","Closeness Centrality":"1.0","Betweenness Centrality":"0.0","Harmonic Closeness Centrality":"1.0","Timestamp":"\u003c[2010.0, 2011.0, 2012.0, 2013.0, 2014.0, 2015.0, 2016.0, 2017.0, 2018.0, 2019.0, 2020.0, 2021.0, 2022.0]\u003e","year_obsolete":"2023","year_established":"2010","timestamp":"\u003c[2010.0, 2011.0, 2012.0, 2013.0, 2014.0, 2015.0, 2016.0, 2017.0, 2018.0, 2019.0, 2020.0, 2021.0, 2022.0]\u003e"},"color":"rgb(117,59,189)","size":10.0},{"label":"Net Zero Asset Managers Initiative","x":164.43048095703125,"y":-202.3791961669922,"id":"23","attributes":{"node_type":"Climate Commitment","Eccentricity":"5.0","Closeness Centrality":"0.37037037037037035","Betweenness Centrality":"13.94047619047619","Harmonic Closeness Centrality":"0.4527777777777777","Timestamp":"\u003c[2020.0, 2021.0, 2022.0]\u003e","year_obsolete":"2023","year_established":"2020","timestamp":"\u003c[2020.0, 2021.0, 2022.0]\u003e"},"color":"rgb(45,200,77)","size":12.045295715332031},{"label":"Climate Action 100+","x":358.2405700683594,"y":-166.719482421875,"id":"13","attributes":{"node_type":"Central Commitment","Eccentricity":"5.0","Closeness Centrality":"0.32608695652173914","Betweenness Centrality":"27.166666666666657","Harmonic Closeness Centrality":"0.4372222222222222","Timestamp":"\u003c[2017.0, 2018.0, 2019.0, 2020.0, 2021.0, 2022.0]\u003e","year_obsolete":"2023","year_established":"2017","timestamp":"\u003c[2017.0, 2018.0, 2019.0, 2020.0, 2021.0, 2022.0]\u003e"},"color":"rgb(20,123,209)","size":13.985794067382812},{"label":"Paris Aligned Investment Initiative","x":308.3553771972656,"y":-280.66802978515625,"id":"15","attributes":{"node_type":"Climate Commitment","Eccentricity":"5.0","Closeness Centrality":"0.379746835443038","Betweenness Centrality":"78.09523809523809","Harmonic Closeness Centrality":"0.4972222222222222","Timestamp":"\u003c[2019.0, 2020.0, 2021.0, 2022.0]\u003e","year_obsolete":"2023","year_established":"2019","timestamp":"\u003c[2019.0, 2020.0, 2021.0, 2022.0]\u003e"},"color":"rgb(45,200,77)","size":21.457847595214844},{"label":"Climate Ambition Alliance","x":-110.02777862548828,"y":-451.3059387207031,"id":"20","attributes":{"node_type":"Central Commitment","Eccentricity":"6.0","Closeness Centrality":"0.23809523809523808","Betweenness Centrality":"0.0","Harmonic Closeness Centrality":"0.2761111111111111","Timestamp":"\u003c[2020.0, 2021.0, 2022.0]\u003e","year_obsolete":"2023","year_established":"2020","timestamp":"\u003c[2020.0, 2021.0, 2022.0]\u003e"},"color":"rgb(20,123,209)","size":10.0},{"label":"Investor Network on Climate Risk","x":521.7413330078125,"y":-304.9305725097656,"id":"37","attributes":{"Eccentricity":"7.0","Closeness Centrality":"0.23809523809523808","Betweenness Centrality":"0.0","Harmonic Closeness Centrality":"0.29047619047619044","Timestamp":"\u003c[1993.0, 1994.0, 1995.0, 1996.0, 1997.0, 1998.0, 1999.0, 2000.0, 2001.0, 2002.0, 2003.0, 2004.0, 2005.0, 2006.0, 2007.0, 2008.0, 2009.0, 2010.0, 2011.0, 2012.0, 2013.0, 2014.0, 2015.0, 2016.0, 2017.0, 2018.0, 2019.0, 2020.0, 2021.0, 2022.0]\u003e","year_obsolete":"2023","year_established":"1993","timestamp":"\u003c[1993.0, 1994.0, 1995.0, 1996.0, 1997.0, 1998.0, 1999.0, 2000.0, 2001.0, 2002.0, 2003.0, 2004.0, 2005.0, 2006.0, 2007.0, 2008.0, 2009.0, 2010.0, 2011.0, 2012.0, 2013.0, 2014.0, 2015.0, 2016.0, 2017.0, 2018.0, 2019.0, 2020.0, 2021.0, 2022.0]\u003e"},"color":"rgb(237,248,251)","size":10.0},{"label":"CDP","x":499.0913391113281,"y":-22.720027923583984,"id":"2","attributes":{"node_type":"Disclosure Framework","Eccentricity":"6.0","Closeness Centrality":"0.25210084033613445","Betweenness Centrality":"0.0","Harmonic Closeness Centrality":"0.30777777777777776","Timestamp":"\u003c[2000.0, 2001.0, 2002.0, 2003.0, 2004.0, 2005.0, 2006.0, 2007.0, 2008.0, 2009.0, 2010.0, 2011.0, 2012.0, 2013.0, 2014.0, 2015.0, 2016.0, 2017.0, 2018.0, 2019.0, 2020.0, 2021.0, 2022.0]\u003e","year_obsolete":"2023","year_established":"2000","timestamp":"\u003c[2000.0, 2001.0, 2002.0, 2003.0, 2004.0, 2005.0, 2006.0, 2007.0, 2008.0, 2009.0, 2010.0, 2011.0, 2012.0, 2013.0, 2014.0, 2015.0, 2016.0, 2017.0, 2018.0, 2019.0, 2020.0, 2021.0, 2022.0]\u003e"},"color":"rgb(247,234,72)","size":10.0},{"label":"Asia Investor Group on Climate Change","x":354.84564208984375,"y":-93.93917846679688,"id":"12","attributes":{"node_type":"Investor/Industry Group","Eccentricity":"6.0","Closeness Centrality":"0.30303030303030304","Betweenness Centrality":"4.507142857142857","Harmonic Closeness Centrality":"0.3927777777777778","Timestamp":"\u003c[2016.0, 2017.0, 2018.0, 2019.0, 2020.0, 2021.0, 2022.0]\u003e","year_obsolete":"2023","year_established":"2016","timestamp":"\u003c[2016.0, 2017.0, 2018.0, 2019.0, 2020.0, 2021.0, 2022.0]\u003e"},"color":"rgb(224,60,49)","size":10.661271095275879},{"label":"Katowice Commitment","x":-386.126953125,"y":358.3663330078125,"id":"33","attributes":{"node_type":"Climate Commitment","Eccentricity":"1.0","Closeness Centrality":"1.0","Betweenness Centrality":"0.0","Harmonic Closeness Centrality":"1.0","Timestamp":"\u003c[2018.0, 2019.0, 2020.0, 2021.0, 2022.0]\u003e","year_obsolete":"2023","year_established":"2018","timestamp":"\u003c[2018.0, 2019.0, 2020.0, 2021.0, 2022.0]\u003e"},"color":"rgb(45,200,77)","size":10.0},{"label":"Paris Agreement","x":-220.65992736816406,"y":178.59432983398438,"id":"7","attributes":{"node_type":"Milestone","Eccentricity":"0.0","Closeness Centrality":"0.0","Betweenness Centrality":"0.0","Harmonic Closeness Centrality":"0.0","Timestamp":"\u003c[2015.0, 2016.0, 2017.0, 2018.0, 2019.0, 2020.0, 2021.0, 2022.0]\u003e","year_obsolete":"2023","year_established":"2015","timestamp":"\u003c[2015.0, 2016.0, 2017.0, 2018.0, 2019.0, 2020.0, 2021.0, 2022.0]\u003e"},"color":"rgb(117,59,189)","size":10.0},{"label":"Net Zero Banking Alliance","x":-192.03770446777344,"y":-222.30979919433594,"id":"25","attributes":{"node_type":"Climate Commitment","Eccentricity":"5.0","Closeness Centrality":"0.3225806451612903","Betweenness Centrality":"34.916666666666664","Harmonic Closeness Centrality":"0.4038888888888889","Timestamp":"\u003c[2021.0, 2022.0]\u003e","year_obsolete":"2023","year_established":"2021","timestamp":"\u003c[2021.0, 2022.0]\u003e"},"color":"rgb(45,200,77)","size":15.122845649719238},{"label":"Net Zero Financial Service Providers Alliance","x":25.00617790222168,"y":-360.02191162109375,"id":"27","attributes":{"node_type":"Climate Commitment","Eccentricity":"5.0","Closeness Centrality":"0.30303030303030304","Betweenness Centrality":"0.0","Harmonic Closeness Centrality":"0.35111111111111104","Timestamp":"\u003c[2021.0, 2022.0]\u003e","year_obsolete":"2023","year_established":"2021","timestamp":"\u003c[2021.0, 2022.0]\u003e"},"color":"rgb(45,200,77)","size":10.0},{"label":"Climate Neutral Now Initiative","x":-56.74008560180664,"y":388.07501220703125,"id":"35","attributes":{"node_type":"Climate Commitment","Eccentricity":"7.0","Closeness Centrality":"0.21739130434782608","Betweenness Centrality":"0.0","Harmonic Closeness Centrality":"0.27253968253968264","Timestamp":"\u003c[2015.0, 2016.0, 2017.0, 2018.0, 2019.0, 2020.0, 2021.0, 2022.0]\u003e","year_obsolete":"2023","year_established":"2015","timestamp":"\u003c[2015.0, 2016.0, 2017.0, 2018.0, 2019.0, 2020.0, 2021.0, 2022.0]\u003e"},"color":"rgb(45,200,77)","size":10.0},{"label":"UNEP FI","x":-59.505126953125,"y":-75.48429107666016,"id":"1","attributes":{"node_type":"Governing Body","Eccentricity":"5.0","Closeness Centrality":"0.3225806451612903","Betweenness Centrality":"35.85714285714285","Harmonic Closeness Centrality":"0.4038888888888889","Timestamp":"\u003c[1992.0, 1993.0, 1994.0, 1995.0, 1996.0, 1997.0, 1998.0, 1999.0, 2000.0, 2001.0, 2002.0, 2003.0, 2004.0, 2005.0, 2006.0, 2007.0, 2008.0, 2009.0, 2010.0, 2011.0, 2012.0, 2013.0, 2014.0, 2015.0, 2016.0, 2017.0, 2018.0, 2019.0, 2020.0, 2021.0, 2022.0]\u003e","year_obsolete":"2023","year_established":"1992","timestamp":"\u003c[1992.0, 1993.0, 1994.0, 1995.0, 1996.0, 1997.0, 1998.0, 1999.0, 2000.0, 2001.0, 2002.0, 2003.0, 2004.0, 2005.0, 2006.0, 2007.0, 2008.0, 2009.0, 2010.0, 2011.0, 2012.0, 2013.0, 2014.0, 2015.0, 2016.0, 2017.0, 2018.0, 2019.0, 2020.0, 2021.0, 2022.0]\u003e"},"color":"rgb(255,127,65)","size":15.260828971862793},{"label":"The Investor Agenda","x":457.4888610839844,"y":-108.15841674804688,"id":"21","attributes":{"node_type":"Central Commitment","Eccentricity":"5.0","Closeness Centrality":"0.3333333333333333","Betweenness Centrality":"56.16666666666667","Harmonic Closeness Centrality":"0.45944444444444443","Timestamp":"\u003c[2020.0, 2021.0, 2022.0]\u003e","year_obsolete":"2023","year_established":"2020","timestamp":"\u003c[2020.0, 2021.0, 2022.0]\u003e"},"color":"rgb(20,123,209)","size":18.240568161010742},{"label":"Paris Agreement Capital Transition Assessment","x":-248.50265502929688,"y":103.5442886352539,"id":"14","attributes":{"Eccentricity":"0.0","Closeness Centrality":"0.0","Betweenness Centrality":"0.0","Harmonic Closeness Centrality":"0.0","Timestamp":"\u003c[2018.0, 2019.0, 2020.0, 2021.0, 2022.0]\u003e","year_obsolete":"2023","year_established":"2018","timestamp":"\u003c[2018.0, 2019.0, 2020.0, 2021.0, 2022.0]\u003e"},"color":"rgb(237,248,251)","size":10.0},{"label":"Partnership for Biodiversity Accounting Financials","x":-146.14056396484375,"y":163.90684509277344,"id":"18","attributes":{"Eccentricity":"0.0","Closeness Centrality":"0.0","Betweenness Centrality":"0.0","Harmonic Closeness Centrality":"0.0","Timestamp":"\u003c[2019.0, 2020.0, 2021.0, 2022.0]\u003e","year_obsolete":"2023","year_established":"2019","timestamp":"\u003c[2019.0, 2020.0, 2021.0, 2022.0]\u003e"},"color":"rgb(237,248,251)","size":10.0},{"label":"Race to Zero","x":-67.18836212158203,"y":-398.33538818359375,"id":"22","attributes":{"node_type":"Central Commitment","Eccentricity":"5.0","Closeness Centrality":"0.30927835051546393","Betweenness Centrality":"29.0","Harmonic Closeness Centrality":"0.3733333333333333","Timestamp":"\u003c[2020.0, 2021.0, 2022.0]\u003e","year_obsolete":"2023","year_established":"2020","timestamp":"\u003c[2020.0, 2021.0, 2022.0]\u003e"},"color":"rgb(20,123,209)","size":14.25477409362793},{"label":"Institutional Investor Group on Climate Change","x":392.79388427734375,"y":-224.1852264404297,"id":"31","attributes":{"node_type":"Investor/Industry Group","Eccentricity":"6.0","Closeness Centrality":"0.30303030303030304","Betweenness Centrality":"4.507142857142857","Harmonic Closeness Centrality":"0.3927777777777778","Timestamp":"\u003c[2012.0, 2013.0, 2014.0, 2015.0, 2016.0, 2017.0, 2018.0, 2019.0, 2020.0, 2021.0, 2022.0]\u003e","year_obsolete":"2023","year_established":"2012","timestamp":"\u003c[2012.0, 2013.0, 2014.0, 2015.0, 2016.0, 2017.0, 2018.0, 2019.0, 2020.0, 2021.0, 2022.0]\u003e"},"color":"rgb(224,60,49)","size":10.661271095275879},{"label":"Paris Pledge for Action","x":-63.44746398925781,"y":463.13922119140625,"id":"36","attributes":{"node_type":"Climate Commitment","Eccentricity":"7.0","Closeness Centrality":"0.21739130434782608","Betweenness Centrality":"0.0","Harmonic Closeness Centrality":"0.27253968253968264","Timestamp":"\u003c[2015.0, 2016.0, 2017.0, 2018.0, 2019.0, 2020.0, 2021.0, 2022.0]\u003e","year_obsolete":"2023","year_established":"2015","timestamp":"\u003c[2015.0, 2016.0, 2017.0, 2018.0, 2019.0, 2020.0, 2021.0, 2022.0]\u003e"},"color":"rgb(45,200,77)","size":10.0},{"label":"UN Principles for Sustainable Insurance","x":-118.54861450195312,"y":-88.49042510986328,"id":"4","attributes":{"node_type":"Central Commitment","Eccentricity":"6.0","Closeness Centrality":"0.27522935779816515","Betweenness Centrality":"3.845238095238095","Harmonic Closeness Centrality":"0.3383333333333332","Timestamp":"\u003c[2012.0, 2013.0, 2014.0, 2015.0, 2016.0, 2017.0, 2018.0, 2019.0, 2020.0, 2021.0, 2022.0]\u003e","year_obsolete":"2023","year_established":"2012","timestamp":"\u003c[2012.0, 2013.0, 2014.0, 2015.0, 2016.0, 2017.0, 2018.0, 2019.0, 2020.0, 2021.0, 2022.0]\u003e"},"color":"rgb(20,123,209)","size":10.564159393310547},{"label":"Investor Group on Climate Change","x":427.8076477050781,"y":-184.2946014404297,"id":"30","attributes":{"node_type":"Investor/Industry Group","Eccentricity":"6.0","Closeness Centrality":"0.30303030303030304","Betweenness Centrality":"4.507142857142857","Harmonic Closeness Centrality":"0.3927777777777778","Timestamp":"\u003c[2005.0, 2006.0, 2007.0, 2008.0, 2009.0, 2010.0, 2011.0, 2012.0, 2013.0, 2014.0, 2015.0, 2016.0, 2017.0, 2018.0, 2019.0, 2020.0, 2021.0, 2022.0]\u003e","year_obsolete":"2023","year_established":"2005","timestamp":"\u003c[2005.0, 2006.0, 2007.0, 2008.0, 2009.0, 2010.0, 2011.0, 2012.0, 2013.0, 2014.0, 2015.0, 2016.0, 2017.0, 2018.0, 2019.0, 2020.0, 2021.0, 2022.0]\u003e"},"color":"rgb(224,60,49)","size":10.661271095275879}],"edges":[{"source":"24","target":"23","id":"507","attributes":{"path_type":"green","year_obsolete":"2023","year_established":"2021","timestamp":"\u003c[2021.0, 2022.0]\u003e"},"color":"rgb(45,200,77)","size":1.0},{"source":"21","target":"2","id":"521","attributes":{"path_type":"dotted red","year_obsolete":"2023","year_established":"2020","timestamp":"\u003c[2020.0, 2021.0, 2022.0]\u003e"},"color":"rgb(224,60,49)","size":1.0},{"source":"1","target":"4","id":"500","attributes":{"path_text":"Shared set of guidelines","path_type":"blue","year_obsolete":"2023","year_established":"2012","timestamp":"\u003c[2012.0, 2013.0, 2014.0, 2015.0, 2016.0, 2017.0, 2018.0, 2019.0, 2020.0, 2021.0, 2022.0]\u003e"},"color":"rgb(20,123,209)","size":1.0},{"source":"21","target":"3","id":"519","attributes":{"path_type":"red","year_obsolete":"2023","year_established":"2020","timestamp":"\u003c[2020.0, 2021.0, 2022.0]\u003e"},"color":"rgb(224,60,49)","size":1.0},{"source":"15","target":"23","id":"526","attributes":{"path_text":"Significant overlap in signatories","path_type":"green","year_obsolete":"2023","year_established":"2020","timestamp":"\u003c[2020.0, 2021.0, 2022.0]\u003e"},"color":"rgb(45,200,77)","size":1.0},{"source":"34","target":"8","id":"537","attributes":{"path_type":"milestone/blue","year_obsolete":"2023","year_established":"2015","timestamp":"\u003c[2015.0, 2016.0, 2017.0, 2018.0, 2019.0, 2020.0, 2021.0, 2022.0]\u003e"},"color":"rgb(20,123,209)","size":1.0},{"source":"13","target":"31","id":"510","attributes":{"path_type":"red","year_obsolete":"2023","year_established":"2017","timestamp":"\u003c[2017.0, 2018.0, 2019.0, 2020.0, 2021.0, 2022.0]\u003e"},"color":"rgb(224,60,49)","size":1.0},{"source":"23","target":"3","id":"527","attributes":{"path_type":"green","year_obsolete":"2023","year_established":"2020","timestamp":"\u003c[2020.0, 2021.0, 2022.0]\u003e"},"color":"rgb(45,200,77)","size":1.0},{"source":"17","target":"19","id":"531","attributes":{"path_type":"green","year_obsolete":"2023","year_established":"2019","timestamp":"\u003c[2019.0, 2020.0, 2021.0, 2022.0]\u003e"},"color":"rgb(45,200,77)","size":1.0},{"source":"19","target":"25","id":"533","attributes":{"path_type":"green","year_obsolete":"2023","year_established":"2021","timestamp":"\u003c[2021.0, 2022.0]\u003e"},"color":"rgb(45,200,77)","size":1.0},{"source":"34","target":"36","id":"541","attributes":{"path_text":"Non-State entities\u0027 equivalent of Paris Agreement","path_type":"milestone/green","year_obsolete":"2023","year_established":"2015","timestamp":"\u003c[2015.0, 2016.0, 2017.0, 2018.0, 2019.0, 2020.0, 2021.0, 2022.0]\u003e"},"color":"rgb(45,200,77)","size":1.0},{"source":"24","target":"16","id":"508","attributes":{"path_type":"green","year_obsolete":"2023","year_established":"2021","timestamp":"\u003c[2021.0, 2022.0]\u003e"},"color":"rgb(45,200,77)","size":1.0},{"source":"17","target":"25","id":"532","attributes":{"path_text":"Majority signatories of PRB are members","path_type":"blue","year_obsolete":"2023","year_established":"2021","timestamp":"\u003c[2021.0, 2022.0]\u003e"},"color":"rgb(20,123,209)","size":1.0},{"source":"5","target":"6","id":"545","attributes":{"path_type":"green","year_obsolete":"2023","year_established":"2014","timestamp":"\u003c[2014.0, 2015.0, 2016.0, 2017.0, 2018.0, 2019.0, 2020.0, 2021.0, 2022.0]\u003e"},"color":"rgb(45,200,77)","size":1.0},{"source":"34","target":"9","id":"538","attributes":{"path_type":"milestone/green","year_obsolete":"2023","year_established":"2015","timestamp":"\u003c[2015.0, 2016.0, 2017.0, 2018.0, 2019.0, 2020.0, 2021.0, 2022.0]\u003e"},"color":"rgb(45,200,77)","size":1.0},{"source":"32","target":"33","id":"539","attributes":{"path_type":"milestone/green","year_obsolete":"2023","year_established":"2018","timestamp":"\u003c[2018.0, 2019.0, 2020.0, 2021.0, 2022.0]\u003e"},"color":"rgb(45,200,77)","size":1.0},{"source":"34","target":"35","id":"540","attributes":{"path_type":"milestone/green","year_obsolete":"2023","year_established":"2015","timestamp":"\u003c[2015.0, 2016.0, 2017.0, 2018.0, 2019.0, 2020.0, 2021.0, 2022.0]\u003e"},"color":"rgb(45,200,77)","size":1.0},{"source":"21","target":"31","id":"517","attributes":{"path_type":"red","year_obsolete":"2023","year_established":"2020","timestamp":"\u003c[2020.0, 2021.0, 2022.0]\u003e"},"color":"rgb(224,60,49)","size":1.0},{"source":"24","target":"22","id":"530","attributes":{"path_text":"Private Finance arm of Race to Zero","path_type":"blue","year_obsolete":"2023","year_established":"2021","timestamp":"\u003c[2021.0, 2022.0]\u003e"},"color":"rgb(20,123,209)","size":1.0},{"source":"34","target":"10","id":"535","attributes":{"path_type":"milestone","year_obsolete":"2023","year_established":"2015","timestamp":"\u003c[2015.0, 2016.0, 2017.0, 2018.0, 2019.0, 2020.0, 2021.0, 2022.0]\u003e"},"color":"rgb(117,59,189)","size":1.0},{"source":"24","target":"28","id":"503","attributes":{"path_type":"green","year_obsolete":"2023","year_established":"2021","timestamp":"\u003c[2021.0, 2022.0]\u003e"},"color":"rgb(45,200,77)","size":1.0},{"source":"1","target":"17","id":"501","attributes":{"path_type":"blue","year_obsolete":"2023","year_established":"2019","timestamp":"\u003c[2019.0, 2020.0, 2021.0, 2022.0]\u003e"},"color":"rgb(20,123,209)","size":1.0},{"source":"24","target":"26","id":"505","attributes":{"path_type":"green","year_obsolete":"2023","year_established":"2021","timestamp":"\u003c[2021.0, 2022.0]\u003e"},"color":"rgb(45,200,77)","size":1.0},{"source":"24","target":"15","id":"506","attributes":{"path_type":"green","year_obsolete":"2023","year_established":"2021","timestamp":"\u003c[2021.0, 2022.0]\u003e"},"color":"rgb(45,200,77)","size":1.0},{"source":"16","target":"8","id":"529","attributes":{"path_text":"NZAOA is on the steering committee","path_type":"yellow","year_obsolete":"2023","year_established":"2019","timestamp":"\u003c[2019.0, 2020.0, 2021.0, 2022.0]\u003e"},"color":"rgb(247,234,72)","size":1.0},{"source":"34","target":"11","id":"536","attributes":{"path_type":"milestone/yellow","year_obsolete":"2023","year_established":"2015","timestamp":"\u003c[2015.0, 2016.0, 2017.0, 2018.0, 2019.0, 2020.0, 2021.0, 2022.0]\u003e"},"color":"rgb(242,205,0)","size":1.0},{"source":"30","target":"21","id":"515","attributes":{"path_type":"red","year_obsolete":"2023","year_established":"2020","timestamp":"\u003c[2020.0, 2021.0, 2022.0]\u003e"},"color":"rgb(224,60,49)","size":1.0},{"source":"1","target":"3","id":"499","attributes":{"path_type":"blue","year_obsolete":"2023","year_established":"2006","timestamp":"\u003c[2006.0, 2007.0, 2008.0, 2009.0, 2010.0, 2011.0, 2012.0, 2013.0, 2014.0, 2015.0, 2016.0, 2017.0, 2018.0, 2019.0, 2020.0, 2021.0, 2022.0]\u003e"},"color":"rgb(20,123,209)","size":1.0},{"source":"30","target":"15","id":"514","attributes":{"path_type":"red","year_obsolete":"2023","year_established":"2019","timestamp":"\u003c[2019.0, 2020.0, 2021.0, 2022.0]\u003e"},"color":"rgb(224,60,49)","size":1.0},{"source":"15","target":"31","id":"524","attributes":{"path_type":"red","year_obsolete":"2023","year_established":"2019","timestamp":"\u003c[2019.0, 2020.0, 2021.0, 2022.0]\u003e"},"color":"rgb(224,60,49)","size":1.0},{"source":"38","target":"39","id":"543","attributes":{"path_type":"milestone","year_obsolete":"2023","year_established":"2010","timestamp":"\u003c[2010.0, 2011.0, 2012.0, 2013.0, 2014.0, 2015.0, 2016.0, 2017.0, 2018.0, 2019.0, 2020.0, 2021.0, 2022.0]\u003e"},"color":"rgb(117,59,189)","size":1.0},{"source":"24","target":"27","id":"504","attributes":{"path_type":"green","year_obsolete":"2023","year_established":"2021","timestamp":"\u003c[2021.0, 2022.0]\u003e"},"color":"rgb(45,200,77)","size":1.0},{"source":"13","target":"12","id":"512","attributes":{"path_type":"red","year_obsolete":"2023","year_established":"2017","timestamp":"\u003c[2017.0, 2018.0, 2019.0, 2020.0, 2021.0, 2022.0]\u003e"},"color":"rgb(224,60,49)","size":1.0},{"source":"20","target":"22","id":"544","attributes":{"path_type":"blue","year_obsolete":"2023","year_established":"2020","timestamp":"\u003c[2020.0, 2021.0, 2022.0]\u003e"},"color":"rgb(20,123,209)","size":1.0},{"source":"13","target":"0","id":"511","attributes":{"path_type":"red","year_obsolete":"2023","year_established":"2017","timestamp":"\u003c[2017.0, 2018.0, 2019.0, 2020.0, 2021.0, 2022.0]\u003e"},"color":"rgb(224,60,49)","size":1.0},{"source":"0","target":"37","id":"542","attributes":{"path_type":"red","year_obsolete":"2023","year_established":"1993","timestamp":"\u003c[1993.0, 1994.0, 1995.0, 1996.0, 1997.0, 1998.0, 1999.0, 2000.0, 2001.0, 2002.0, 2003.0, 2004.0, 2005.0, 2006.0, 2007.0, 2008.0, 2009.0, 2010.0, 2011.0, 2012.0, 2013.0, 2014.0, 2015.0, 2016.0, 2017.0, 2018.0, 2019.0, 2020.0, 2021.0, 2022.0]\u003e"},"color":"rgb(224,60,49)","size":1.0},{"source":"16","target":"3","id":"528","attributes":{"path_type":"green","year_obsolete":"2023","year_established":"2019","timestamp":"\u003c[2019.0, 2020.0, 2021.0, 2022.0]\u003e"},"color":"rgb(45,200,77)","size":1.0},{"source":"3","target":"13","id":"513","attributes":{"path_type":"red","year_obsolete":"2023","year_established":"2017","timestamp":"\u003c[2017.0, 2018.0, 2019.0, 2020.0, 2021.0, 2022.0]\u003e"},"color":"rgb(224,60,49)","size":1.0},{"source":"3","target":"29","id":"522","attributes":{"path_type":"green","year_obsolete":"2023","year_established":"2022","timestamp":"\u003c[2022.0]\u003e"},"color":"rgb(45,200,77)","size":1.0},{"source":"13","target":"30","id":"509","attributes":{"path_type":"red","year_obsolete":"2023","year_established":"2017","timestamp":"\u003c[2017.0, 2018.0, 2019.0, 2020.0, 2021.0, 2022.0]\u003e"},"color":"rgb(224,60,49)","size":1.0},{"source":"24","target":"25","id":"502","attributes":{"path_type":"green","year_obsolete":"2023","year_established":"2021","timestamp":"\u003c[2021.0, 2022.0]\u003e"},"color":"rgb(45,200,77)","size":1.0},{"source":"0","target":"15","id":"525","attributes":{"path_type":"red","year_obsolete":"2023","year_established":"2019","timestamp":"\u003c[2019.0, 2020.0, 2021.0, 2022.0]\u003e"},"color":"rgb(224,60,49)","size":1.0},{"source":"4","target":"26","id":"534","attributes":{"path_type":"dotted green","year_obsolete":"2023","year_established":"2021","timestamp":"\u003c[2021.0, 2022.0]\u003e"},"color":"rgb(121,195,0)","size":1.0},{"source":"21","target":"0","id":"516","attributes":{"path_type":"red","year_obsolete":"2023","year_established":"2020","timestamp":"\u003c[2020.0, 2021.0, 2022.0]\u003e"},"color":"rgb(224,60,49)","size":1.0},{"source":"21","target":"12","id":"518","attributes":{"path_type":"red","year_obsolete":"2023","year_established":"2020","timestamp":"\u003c[2020.0, 2021.0, 2022.0]\u003e"},"color":"rgb(224,60,49)","size":1.0},{"source":"12","target":"15","id":"523","attributes":{"path_type":"red","year_obsolete":"2023","year_established":"2019","timestamp":"\u003c[2019.0, 2020.0, 2021.0, 2022.0]\u003e"},"color":"rgb(224,60,49)","size":1.0}]}